{"cameraMode":{"drawMode":0,"name":"Shaded","section":"Shading Mode"},"sceneLighting":false,"audioPlay":false,"sceneViewState":{"m_AlwaysRefresh":false,"showFog":true,"showSkybox":false,"showFlares":true,"showImageEffects":true,"showParticleSystems":true,"showVisualEffectGraphs":true,"m_FxEnabled":true},"in2DMode":false,"pivot":{"x":-8.940696716308594e-8,"y":1.0734233856201172,"z":0.3049274682998657},"rotation":{"x":0.44627752900123598,"y":-0.03086298517882824,"z":0.015403112396597863,"w":0.894228458404541},"size":1.810103416442871,"orthographic":false}