{"cameraMode":{"drawMode":0,"name":"Shaded","section":"Shading Mode"},"sceneLighting":true,"audioPlay":false,"sceneViewState":{"m_AlwaysRefresh":false,"showFog":true,"showSkybox":true,"showFlares":true,"showImageEffects":true,"showParticleSystems":true,"showVisualEffectGraphs":true,"m_FxEnabled":true},"in2DMode":false,"pivot":{"x":5.683537006378174,"y":-43.17292022705078,"z":98.78291320800781},"rotation":{"x":0.13902439177036286,"y":0.01965007558465004,"z":-0.002738445531576872,"w":0.9901185631752014},"size":103.05613708496094,"orthographic":false}